{
	"class_name" : "PinholeCameraParameters",
	"extrinsic" : 
	[
		0.95157911419581509,
		-0.303263746217383,
		0.05028210075669888,
		0.0,
		0.13071275134429958,
		0.2511299644821971,
		-0.95908702294170045,
		0.0,
		0.2782289813486572,
		0.91921969146084392,
		0.2786104678010492,
		0.0,
		-0.4120918501691847,
		-1.3865002339879036,
		0.041453221342898083,
		1.0
	],
	"intrinsic" : 
	{
		"height" : 713,
		"intrinsic_matrix" : 
		[
			617.47611289830479,
			0.0,
			0.0,
			0.0,
			617.47611289830479,
			0.0,
			656.0,
			356.0,
			1.0
		],
		"width" : 1313
	},
	"version_major" : 1,
	"version_minor" : 0
}