{
	"class_name" : "PinholeCameraParameters",
	"extrinsic" : 
	[
		0.66934002623337541,
		0.47213461425858877,
		-0.5736487037384449,
		0.0,
		0.74275009413603732,
		-0.4434210901298018,
		0.50169715415677429,
		0.0,
		-0.017499341210808563,
		-0.76188361502725066,
		-0.64747751328536185,
		0.0,
		-0.37936282141008271,
		1.3399661133416993,
		1.9704094150134406,
		1.0
	],
	"intrinsic" : 
	{
		"height" : 713,
		"intrinsic_matrix" : 
		[
			617.47611289830479,
			0.0,
			0.0,
			0.0,
			617.47611289830479,
			0.0,
			656.0,
			356.0,
			1.0
		],
		"width" : 1313
	},
	"version_major" : 1,
	"version_minor" : 0
}