{
	"class_name" : "PinholeCameraParameters",
	"extrinsic" : 
	[
		0.88427275883881662,
		-0.44425627788967081,
		-0.14386816024125632,
		0.0,
		0.048826968443011272,
		-0.2184363259212635,
		0.97462890305525252,
		0.0,
		-0.46441104113517084,
		-0.86886243506877159,
		-0.17146560529188196,
		0.0,
		0.66587435772057824,
		1.2885993668015499,
		0.11490885880097651,
		1.0
	],
	"intrinsic" : 
	{
		"height" : 713,
		"intrinsic_matrix" : 
		[
			617.47611289830479,
			0.0,
			0.0,
			0.0,
			617.47611289830479,
			0.0,
			656.0,
			356.0,
			1.0
		],
		"width" : 1313
	},
	"version_major" : 1,
	"version_minor" : 0
}