{
	"class_name" : "PinholeCameraParameters",
	"extrinsic" : 
	[
		-0.35010878141504592,
		0.93105801213410733,
		-0.10273664982349927,
		0.0,
		-0.89093843399168593,
		-0.36485773920442244,
		-0.27038405459471926,
		0.0,
		-0.28922750217175763,
		-0.0031318019609157532,
		0.95725526574888253,
		0.0,
		0.64950233294926774,
		0.13846109813947616,
		-1.1208179061742174,
		1.0
	],
	"intrinsic" : 
	{
		"height" : 713,
		"intrinsic_matrix" : 
		[
			617.47611289830479,
			0.0,
			0.0,
			0.0,
			617.47611289830479,
			0.0,
			656.0,
			356.0,
			1.0
		],
		"width" : 1313
	},
	"version_major" : 1,
	"version_minor" : 0
}