{
	"class_name" : "PinholeCameraParameters",
	"extrinsic" : 
	[
		0.71029084750780747,
		0.036162537812358057,
		0.70297879257173224,
		0.0,
		-0.49215460419629697,
		-0.68849397643218779,
		0.5326911769355489,
		0.0,
		0.5032601290734513,
		-0.72433991694201405,
		-0.47123341054026446,
		0.0,
		-0.58518606513556437,
		1.3267433276657818,
		1.0494814706016165,
		1.0
	],
	"intrinsic" : 
	{
		"height" : 713,
		"intrinsic_matrix" : 
		[
			617.47611289830479,
			0.0,
			0.0,
			0.0,
			617.47611289830479,
			0.0,
			656.0,
			356.0,
			1.0
		],
		"width" : 1313
	},
	"version_major" : 1,
	"version_minor" : 0
}