{
	"class_name" : "PinholeCameraParameters",
	"extrinsic" : 
	[
		0.52338026330580556,
		0.50606216831165551,
		0.68554662991342286,
		0.0,
		-0.38980646926128487,
		0.85761424746280035,
		-0.33548281486667209,
		0.0,
		-0.7577097178365847,
		-0.091645427341032426,
		0.64612467770816717,
		0.0,
		1.3035478122220847,
		-0.28921869816638734,
		-0.63452121117071392,
		1.0
	],
	"intrinsic" : 
	{
		"height" : 713,
		"intrinsic_matrix" : 
		[
			617.47611289830479,
			0.0,
			0.0,
			0.0,
			617.47611289830479,
			0.0,
			656.0,
			356.0,
			1.0
		],
		"width" : 1313
	},
	"version_major" : 1,
	"version_minor" : 0
}