{
	"class_name" : "PinholeCameraParameters",
	"extrinsic" : 
	[
		0.20742602410276606,
		0.69322069579272727,
		0.6902314912039047,
		0.0,
		-0.74542238183266318,
		-0.344914742570197,
		0.57042027753285052,
		0.0,
		0.63349815878804117,
		-0.63283401242536108,
		0.44519792848774564,
		0.0,
		-0.71489594006686952,
		1.0632517374446322,
		-0.17980647839901215,
		1.0
	],
	"intrinsic" : 
	{
		"height" : 713,
		"intrinsic_matrix" : 
		[
			617.47611289830479,
			0.0,
			0.0,
			0.0,
			617.47611289830479,
			0.0,
			656.0,
			356.0,
			1.0
		],
		"width" : 1313
	},
	"version_major" : 1,
	"version_minor" : 0
}