{
	"class_name" : "PinholeCameraParameters",
	"extrinsic" : 
	[
		-0.77770993829064006,
		0.57630230765859025,
		0.25108345638721885,
		0.0,
		0.36344889985559109,
		0.086328624436289136,
		0.92760566287442359,
		0.0,
		0.51290559470308894,
		0.81266414882799021,
		-0.27659506888581525,
		0.0,
		-0.94480239505610741,
		-1.11369604390458,
		0.60181577883828363,
		1.0
	],
	"intrinsic" : 
	{
		"height" : 713,
		"intrinsic_matrix" : 
		[
			617.47611289830479,
			0.0,
			0.0,
			0.0,
			617.47611289830479,
			0.0,
			656.0,
			356.0,
			1.0
		],
		"width" : 1313
	},
	"version_major" : 1,
	"version_minor" : 0
}