{
	"class_name" : "PinholeCameraParameters",
	"extrinsic" : 
	[
		-0.7933904883865841,
		-0.57537630167153042,
		0.19867975340353525,
		0.0,
		0.22973363510882383,
		-0.5852891592891023,
		-0.77759826190542736,
		0.0,
		0.56369671795867615,
		-0.57129564280978706,
		0.59654614127422601,
		0.0,
		-0.88592190777551405,
		0.96926459955256916,
		-0.45990658414259378,
		1.0
	],
	"intrinsic" : 
	{
		"height" : 713,
		"intrinsic_matrix" : 
		[
			617.47611289830479,
			0.0,
			0.0,
			0.0,
			617.47611289830479,
			0.0,
			656.0,
			356.0,
			1.0
		],
		"width" : 1313
	},
	"version_major" : 1,
	"version_minor" : 0
}