{
	"class_name" : "PinholeCameraParameters",
	"extrinsic" : 
	[
		0.068722503618055431,
		0.86115823309213901,
		0.50367024438028052,
		0.0,
		-0.77928272800163167,
		0.36155890859112655,
		-0.51185308972079924,
		0.0,
		-0.62289296619467582,
		-0.35732569624366295,
		0.69593297052890102,
		0.0,
		1.3163066501537422,
		0.29953815248137727,
		-0.45969557133325684,
		1.0
	],
	"intrinsic" : 
	{
		"height" : 713,
		"intrinsic_matrix" : 
		[
			617.47611289830479,
			0.0,
			0.0,
			0.0,
			617.47611289830479,
			0.0,
			656.0,
			356.0,
			1.0
		],
		"width" : 1313
	},
	"version_major" : 1,
	"version_minor" : 0
}