{
	"class_name" : "PinholeCameraParameters",
	"extrinsic" : 
	[
		-0.24163608410379914,
		0.95047317048867763,
		0.19548083036498218,
		0.0,
		0.032053268539132061,
		0.20915860281051057,
		-0.97735626403390563,
		0.0,
		-0.96983740432865351,
		-0.22989874086553044,
		-0.081006037512667481,
		0.0,
		1.3519567340397554,
		0.40129570517487112,
		0.84670851269001923,
		1.0
	],
	"intrinsic" : 
	{
		"height" : 713,
		"intrinsic_matrix" : 
		[
			617.47611289830479,
			0.0,
			0.0,
			0.0,
			617.47611289830479,
			0.0,
			656.0,
			356.0,
			1.0
		],
		"width" : 1313
	},
	"version_major" : 1,
	"version_minor" : 0
}