{
	"class_name" : "PinholeCameraParameters",
	"extrinsic" : 
	[
		0.6507680099673786,
		0.4608130894818982,
		0.60345032419019051,
		0.0,
		-0.24600711863402563,
		-0.62393011554222622,
		0.74174908729357314,
		0.0,
		0.71831851903210897,
		-0.63115965292595544,
		-0.29267045927784591,
		0.0,
		-0.91954635811874419,
		1.0807242765128366,
		0.37224632769062538,
		1.0
	],
	"intrinsic" : 
	{
		"height" : 713,
		"intrinsic_matrix" : 
		[
			617.47611289830479,
			0.0,
			0.0,
			0.0,
			617.47611289830479,
			0.0,
			656.0,
			356.0,
			1.0
		],
		"width" : 1313
	},
	"version_major" : 1,
	"version_minor" : 0
}