{
	"class_name" : "PinholeCameraParameters",
	"extrinsic" : 
	[
		0.35753999266517428,
		0.75063131753631551,
		0.55562377449015121,
		0.0,
		-0.70864359235256713,
		-0.16944226331707457,
		0.68491866555061565,
		0.0,
		0.60826755022986068,
		-0.63862504220840133,
		0.47134768780771774,
		0.0,
		-0.62606053437860321,
		1.0679916767402762,
		-0.36345708125995058,
		1.0
	],
	"intrinsic" : 
	{
		"height" : 713,
		"intrinsic_matrix" : 
		[
			617.47611289830479,
			0.0,
			0.0,
			0.0,
			617.47611289830479,
			0.0,
			656.0,
			356.0,
			1.0
		],
		"width" : 1313
	},
	"version_major" : 1,
	"version_minor" : 0
}