{
	"class_name" : "PinholeCameraParameters",
	"extrinsic" : 
	[
		-0.32724917867448694,
		-0.013885120341299656,
		0.94483605905468138,
		0.0,
		-0.86109787263352155,
		-0.40737321436751839,
		-0.30423267076679916,
		0.0,
		0.38912520967279596,
		-0.91315621207380704,
		0.12135610222860249,
		0.0,
		-0.36242719938268281,
		1.4247315658201221,
		0.469260548761675,
		1.0
	],
	"intrinsic" : 
	{
		"height" : 713,
		"intrinsic_matrix" : 
		[
			617.47611289830479,
			0.0,
			0.0,
			0.0,
			617.47611289830479,
			0.0,
			656.0,
			356.0,
			1.0
		],
		"width" : 1313
	},
	"version_major" : 1,
	"version_minor" : 0
}