{
	"class_name" : "PinholeCameraParameters",
	"extrinsic" : 
	[
		-0.39964698163820356,
		-0.70901747325305309,
		0.58101334983744546,
		0.0,
		0.059795366857184243,
		-0.65264505709224085,
		-0.75530056504379806,
		0.0,
		0.91471678904997045,
		-0.26711168464693197,
		0.30322358706932723,
		0.0,
		-1.3266621216771324,
		0.55342750310863231,
		-0.040820263104299481,
		1.0
	],
	"intrinsic" : 
	{
		"height" : 713,
		"intrinsic_matrix" : 
		[
			617.47611289830479,
			0.0,
			0.0,
			0.0,
			617.47611289830479,
			0.0,
			656.0,
			356.0,
			1.0
		],
		"width" : 1313
	},
	"version_major" : 1,
	"version_minor" : 0
}