{
	"class_name" : "PinholeCameraParameters",
	"extrinsic" : 
	[
		0.98352160239035635,
		0.0046079052863358672,
		-0.18073191428294605,
		0.0,
		-0.11736110541143061,
		-0.7441365628792711,
		-0.65763754966001731,
		0.0,
		-0.13751955703867388,
		0.6680116338770582,
		-0.73133359586223723,
		0.0,
		0.25171910609989651,
		-0.73323354666645091,
		1.3843127040107785,
		1.0
	],
	"intrinsic" : 
	{
		"height" : 713,
		"intrinsic_matrix" : 
		[
			617.47611289830479,
			0.0,
			0.0,
			0.0,
			617.47611289830479,
			0.0,
			656.0,
			356.0,
			1.0
		],
		"width" : 1313
	},
	"version_major" : 1,
	"version_minor" : 0
}