{
	"class_name" : "PinholeCameraParameters",
	"extrinsic" : 
	[
		-0.016103093313063595,
		-0.9837898932000263,
		0.17860049390534113,
		0.0,
		-0.10985111146180369,
		0.17928307213060438,
		0.97764529015283397,
		0.0,
		-0.99381760081835802,
		-0.0038763494287206018,
		-0.11095742525288385,
		0.0,
		1.4443009274266085,
		-0.068722678375979923,
		0.035272106125279867,
		1.0
	],
	"intrinsic" : 
	{
		"height" : 713,
		"intrinsic_matrix" : 
		[
			617.47611289830479,
			0.0,
			0.0,
			0.0,
			617.47611289830479,
			0.0,
			656.0,
			356.0,
			1.0
		],
		"width" : 1313
	},
	"version_major" : 1,
	"version_minor" : 0
}