{
	"class_name" : "PinholeCameraParameters",
	"extrinsic" : 
	[
		-0.97091723287172615,
		0.19163165695609552,
		0.14351667138340271,
		0.0,
		-0.0036866874869899554,
		0.58740834275982257,
		-0.8092823037676854,
		0.0,
		-0.23938699891197837,
		-0.78627523610274053,
		-0.56961839668632219,
		0.0,
		0.28524868257592539,
		1.0853988285636604,
		1.5223272430925401,
		1.0
	],
	"intrinsic" : 
	{
		"height" : 713,
		"intrinsic_matrix" : 
		[
			617.47611289830479,
			0.0,
			0.0,
			0.0,
			617.47611289830479,
			0.0,
			656.0,
			356.0,
			1.0
		],
		"width" : 1313
	},
	"version_major" : 1,
	"version_minor" : 0
}