{
	"class_name" : "PinholeCameraParameters",
	"extrinsic" : 
	[
		-0.16170500688183009,
		0.97807757679179974,
		-0.13120878220008214,
		0.0,
		0.042170556041382853,
		-0.12598839590652602,
		-0.99113498994842331,
		0.0,
		-0.98593769324055569,
		-0.16580463767332257,
		-0.020873120837823004,
		0.0,
		1.3699754040784842,
		0.30079610208853208,
		0.45986959380610354,
		1.0
	],
	"intrinsic" : 
	{
		"height" : 713,
		"intrinsic_matrix" : 
		[
			617.47611289830479,
			0.0,
			0.0,
			0.0,
			617.47611289830479,
			0.0,
			656.0,
			356.0,
			1.0
		],
		"width" : 1313
	},
	"version_major" : 1,
	"version_minor" : 0
}