{
	"class_name" : "PinholeCameraParameters",
	"extrinsic" : 
	[
		-0.32726691888763143,
		0.84713976456483742,
		0.41862941021245559,
		0.0,
		-0.6860716161461452,
		0.091618820573858811,
		-0.72174214871744291,
		0.0,
		-0.64977080676220977,
		-0.5234120852728632,
		0.5512147382553374,
		0.0,
		1.0821649975077519,
		0.84197714830723458,
		-0.10052070973705451,
		1.0
	],
	"intrinsic" : 
	{
		"height" : 713,
		"intrinsic_matrix" : 
		[
			617.47611289830479,
			0.0,
			0.0,
			0.0,
			617.47611289830479,
			0.0,
			656.0,
			356.0,
			1.0
		],
		"width" : 1313
	},
	"version_major" : 1,
	"version_minor" : 0
}