{
	"class_name" : "PinholeCameraParameters",
	"extrinsic" : 
	[
		-0.92306801936240646,
		-0.27909236794742442,
		0.26467504941694758,
		0.0,
		0.10518472958892519,
		-0.84504812013000596,
		-0.52424216477315899,
		0.0,
		0.36997514009953275,
		-0.45607140320156314,
		0.80939314976721199,
		0.0,
		-0.57726241280019053,
		0.88762566523905362,
		-0.83461957437987322,
		1.0
	],
	"intrinsic" : 
	{
		"height" : 713,
		"intrinsic_matrix" : 
		[
			617.47611289830479,
			0.0,
			0.0,
			0.0,
			617.47611289830479,
			0.0,
			656.0,
			356.0,
			1.0
		],
		"width" : 1313
	},
	"version_major" : 1,
	"version_minor" : 0
}